Name	Cluster
activities and societies semini leuven finance skills program	Vlerick Business School
adeb vba ulb vub	Free University of Brussels
advanced management bij vlerick	Vlerick Business School
antwerp university	University of Antwerp
antwerpen	University of Antwerp
ap antwerpen	University of Antwerp
atheneum antwerpen	University of Antwerp
atic leuven	Catholic University of Leuven
belgisch textiel en kunststoffen instituut gent	Catholic University of Leuven
brucemo brussel	Free University of Brussels
brussel	Free University of Brussels
brussel formation	Free University of Brussels
brussel opleiding	Free University of Brussels
brussels polytechnical school	Solvay Business School
c t l gent	Catholic University of Leuven
c v o leuven landen	Catholic University of Leuven
captains table gent	Catholic University of Leuven
catapult brussel	Free University of Brussels
catholic university leuven belgium	Catholic University of Leuven
catholic university louvain	Catholic University of Leuven
catholic university of leuven	Catholic University of Leuven
catholic university of leuven faculty of medicine	Catholic University of Leuven
catholic university of leuven kul	Catholic University of Leuven
centrum voor levende talen clt leuven	Catholic University of Leuven
centrum voor middenstandsopleidingen cmo leuven	Catholic University of Leuven
centrum voor volwassenenonderwijs antwerpen	University of Antwerp
cevora leuven	Catholic University of Leuven
charles buls in brussel	Free University of Brussels
cours industriels brussel	Free University of Brussels
cpme uclouvain	Catholic University of Leuven
de economie culture club ghent co founder clash icc gent weekly events	Catholic University of Leuven
ecam brussel	Free University of Brussels
ecam brussels	Free University of Brussels
ecole polytechnique de louvain	Catholic University of Leuven
ecole polytechnique de louvain la neuve	Catholic University of Leuven
ecole polytechnique de louvain option aeronautique	Catholic University of Leuven
ecole polytechnique de louvain uclouvain	Catholic University of Leuven
ecole provinciale d aide medicale urgente	Vlerick Business School
egon gent	University of Ghent
ehb vub	Free University of Brussels
epfc brussel	Free University of Brussels
ephec brussel	Free University of Brussels
erasmus brussel hogent	Free University of Brussels
erasmushogeschool brussel	Free University of Brussels
erasmushogeschool brussel rits	Free University of Brussels
european school of brussels	Free University of Brussels
femb louvain la neuve	Free University of Brussels
geel ku leuven	Catholic University of Leuven
gent	University of Ghent
gent u	University of Ghent
gent unif	University of Ghent
gent universiteit	University of Ghent
gent universiteit belgie	University of Ghent
ghent univerity	University of Ghent
ghent university	University of Ghent
go centrum voor volwassenenonderwijs antwerpen	University of Antwerp
groep t campus vesalius leuven	Catholic University of Leuven
groep t hogeschool leuven	Catholic University of Leuven
groep t in leuven	Catholic University of Leuven
groep t internationale hogeschool leuven	Catholic University of Leuven
groep t kuleuven	Catholic University of Leuven
groep t leuven	Catholic University of Leuven
groep t leuven engineering school	Catholic University of Leuven
groep t leuven hogeschool	Catholic University of Leuven
groep t te leuven	Catholic University of Leuven
groept ku leuven	Catholic University of Leuven
groept leuven	Catholic University of Leuven
groept t leuven	Catholic University of Leuven
group t faculteit industriële ingenieurswetenschappen kuleuven	Catholic University of Leuven
group t leuven	Catholic University of Leuven
groupt leuven	Catholic University of Leuven
guberna vlerick business school	Vlerick Business School
h t instituut kardinaal mercier brussel	Catholic University of Leuven
hasselt	University of Hasselt
hasselt university	University of Hasselt
haute ecole de louvain en hainaut	Catholic University of Leuven
haute ecole louvain en hainaut	Catholic University of Leuven
he leonard de vinci ecam brussel	Catholic University of Leuven
heilig hart hasselt	University of Hasselt
henry vande velde instituut antwerpen	Catholic University of Leuven
higro gent	University of Ghent
hl hasselt	University of Hasselt
hogent unief gent	University of Ghent
hrito hasselt	University of Hasselt
hti qt lieven gent	University of Ghent
hub kubrussel	Free University of Brussels
huis van het nederlands brussel	University of Hasselt
i l t k u l leuven	Catholic University of Leuven
iag universite catholique de louvain	Catholic University of Leuven
icc brussels	Solvay Business School
icrc brussels	Solvay Business School
iczo antwerp instituut voor complementair zorg onderwijs	Catholic University of Leuven
ih groep te leuven	Catholic University of Leuven
ihb brussels	Free University of Brussels
ihbr brussel	Free University of Brussels
ihgl hasselt xios	University of Hasselt
ihr brussel	Free University of Brussels
ihrh hasselt	University of Hasselt
industriele hogeschool groep t leuven	Catholic University of Leuven
intec brussel	Free University of Brussels
intec brussels	Free University of Brussels
intecbrussel	Free University of Brussels
k i h groep t leuven	Catholic University of Leuven
k u l leuven	Catholic University of Leuven
k u leuven	Catholic University of Leuven
ka2 de ring leuven	Catholic University of Leuven
kaho campus instituut te gent	Catholic University of Leuven
kardinaal mercier brussel	Solvay Business School
kath hogeschool groep t leuven	Catholic University of Leuven
kath industriele hogeschool groept leuven	Catholic University of Leuven
katho associatie kuleuven	Catholic University of Leuven
katho st lieven gent	Catholic University of Leuven
kathoieke universiteit leuven	Catholic University of Leuven
katholic universiteit leuven	Catholic University of Leuven
katholieke universiteit brussel	Free University of Brussels
katholieke universiteit leuven	Catholic University of Leuven
katholieke universiteit leuven k u leuven	Catholic University of Leuven
katholieke universiteit van leuven	Catholic University of Leuven
kh leuven	Catholic University of Leuven
khleuven	Catholic University of Leuven
khleuven departement rega	Catholic University of Leuven
kih groep t leuven	Catholic University of Leuven
kih oostende groep t leuven	Catholic University of Leuven
kihb leuven groep t	Catholic University of Leuven
klu leuven	Catholic University of Leuven
koninklijk atheneum hasselt	Catholic University of Leuven
koninklijk atheneum redingenhof leuven	Catholic University of Leuven
koninklijke academie gent	Catholic University of Leuven
ku leuven	Catholic University of Leuven
ku leuven afdeling gent	University of Ghent
ku leuven belgium	Catholic University of Leuven
ku leuven campus	Catholic University of Leuven
ku leuven campus geel	Catholic University of Leuven
ku leuven campus groep t	Catholic University of Leuven
ku leuven campus groept	Catholic University of Leuven
ku leuven campus oostende	Catholic University of Leuven
ku leuven camus gent	Catholic University of Leuven
ku leuven faculteit industriële ingenieurswetenschappen campus de nayer	Catholic University of Leuven
ku leuven faculteit industriële ingenieurswetenschappen campus groep t leuven	Catholic University of Leuven
ku leuven faculty of engineering technology	Catholic University of Leuven
ku leuven faculty of engineering technology de nayer campus	Catholic University of Leuven
ku leuven faculty of engineering technology group t leuven campus	Catholic University of Leuven
ku leuven geel	Catholic University of Leuven
ku leuven technologiecampus oostende	Catholic University of Leuven
kul	Catholic University of Leuven
kul afdeling kortrijk	Catholic University of Leuven
kul leuven	Catholic University of Leuven
kulak	Catholic University of Leuven
kulak kortrijk	Catholic University of Leuven
kuleuven	Catholic University of Leuven
kuleuven campus groept	Catholic University of Leuven
kuleuven en uhasselt	University of Hasselt
kuleuven groept	Catholic University of Leuven
kuleuven kulak	Catholic University of Leuven
kuleuven ugent	University of Ghent
language centre of leuven	University of Ghent
limburgs universitair centrum luc universiteit hasselt	University of Hasselt
louvain	Catholic University of Leuven
louvain la neuve	Catholic University of Leuven
louvain school of management	Catholic University of Leuven
louvain school of management lsm universite catholique de louvain ucl	Catholic University of Leuven
louvain school of management ucl	Catholic University of Leuven
lucina vormingsinstituut kul	Catholic University of Leuven
miniemeninstituut leuven	Catholic University of Leuven
odisee gent	University of Ghent
orthodox theologisch instituut heilige johannes de theoloog gent	Catholic University of Leuven
paridaens instituut leuven	Catholic University of Leuven
perspectief gent	University of Ghent
phhi hasselt	University of Hasselt
phl hasselt volwassenonderwijs 1440 lestijden	University of Hasselt
pius x instituut antwerpen	Catholic University of Leuven
pvco gent	Vlerick Business School
pxl hasselt	University of Hasselt
r u gent	University of Ghent
rega instituut leuven	Catholic University of Leuven
rega leuven	Vlerick Business School
rega school leuven	Vlerick Business School
rijksuniversiteit gent	University of Ghent
rijksuniversiteit gent rug ir	University of Ghent
rijksuniverstiteit gent	University of Ghent
rits erasmushogeschool brussel	Free University of Brussels
ru gent	University of Ghent
ruca antwerp	University of Antwerp
ruca antwerpen	University of Antwerp
rug gent	University of Ghent
rugent	University of Ghent
sae insitute brussel	Free University of Brussels
sint henricusinstituut te antwerpen	Catholic University of Leuven
sint lodewijck instituut antwerpen	Catholic University of Leuven
sint lodewijk antwerpen nu karel de grote	Catholic University of Leuven
sint lodewijksinstituut antwerpen	Catholic University of Leuven
sint lukas brussel	Free University of Brussels
sint lukas in brussel	Free University of Brussels
sint pietersinstituut gent	Catholic University of Leuven
sjb univ leuven	Free University of Brussels
solvay	Solvay Business School
solvay brussels school	Solvay Business School
solvay business school	Solvay Business School
solvay business school vub	Solvay Business School
staatsexamen brussel	Free University of Brussels
stedelijk hoger instituut te antwerpen	Catholic University of Leuven
superior industrial institute of brussels	Free University of Brussels
technical instituut gent oostakker	Catholic University of Leuven
technisch instituut gent	Catholic University of Leuven
temata groep t leuven	Catholic University of Leuven
temata group t leuven	Catholic University of Leuven
u gent	University of Ghent
u hasselt	University of Hasselt
uams antwerpen	University of Antwerp
ucl 4 jaar kul 1 jaar	Free University of Brussels
ucl kul	Catholic University of Leuven
ucl universite catholique de louvain la neuve	Catholic University of Leuven
ucl univesite catholique de louvain la neuve	Catholic University of Leuven
uclouvain	Catholic University of Leuven
uclouvain université catholique de louvain	Catholic University of Leuven
ufsia universiteit antwerpen	University of Antwerp
ugent	University of Ghent
uhasselt	University of Hasselt
uhasselt kuleuven	University of Hasselt
uia antwerpen	University of Antwerp
ulb vub	Free University of Brussels
unief gent	University of Ghent
uniersity of ghent belgium	University of Ghent
unif gent	University of Ghent
univ gent	University of Ghent
univ hasselt ism ku leuven	University of Hasselt
universitair centrum antwerpen	University of Antwerp
universitaire instelling antwerpe uia	Catholic University of Leuven
universite catholique de louvain	Catholic University of Leuven
universite catholique de louvain la neuv	Catholic University of Leuven
universite catholique de louvain la neuve	Catholic University of Leuven
universite catholique de louvain u c l	Catholic University of Leuven
universite catholique de louvain ucl	Catholic University of Leuven
universite catholique de louvaine	Catholic University of Leuven
universite chatolique de louvain	Catholic University of Leuven
universite de louvain la neuve	Catholic University of Leuven
universiteit antwerpen	University of Antwerp
universiteit antwerpen management school	University of Antwerp
universiteit antwerpen ruca	University of Antwerp
universiteit gent	University of Ghent
universiteit gent ugent	University of Ghent
universiteit hasselt	University of Hasselt
universiteit hasselt xios	University of Hasselt
universiteit leuven	Catholic University of Leuven
universiteit ruca antwerpen	University of Antwerp
universiteit van antwerpen	University of Antwerp
universiteit van gent	University of Ghent
universiteit van louvain la neuve	Catholic University of Leuven
university gent	University of Ghent
university hasselt	University of Hasselt
university leuven	Catholic University of Leuven
university of antwerp	University of Antwerp
university of antwerp management school	University of Antwerp
university of antwerp ruca belgium	University of Antwerp
university of antwerp ufsia	University of Antwerp
university of brussels	Free University of Brussels
university of ghent	University of Ghent
university of ghent belgium	University of Ghent
university of ghent business engineering	University of Ghent
university of leuven	Catholic University of Leuven
university of leuven kul	Catholic University of Leuven
university of liège louvain school of management solvay entrepreneurs	Catholic University of Leuven
university of louvain ucl belgium	Catholic University of Leuven
university saint louis brussels	Free University of Brussels
université catholique de louvain	Catholic University of Leuven
université catholique de louvain la neuve	Catholic University of Leuven
universteit gent	University of Ghent
veiligheidsinstitutuut antwerpen	Catholic University of Leuven
verick management school leuven gent	Vlerick Business School
vlaamse universiteit brussel vub	Free University of Brussels
vlekho business school brussel	Solvay Business School
vlerick business academy	Vlerick Business School
vlerick business school	Vlerick Business School
vlerick business school siemens management leadership program	Vlerick Business School
vlerick leuven	Vlerick Business School
vlerick leuven gent management school	Vlerick Business School
vlerick leuven gent management school siemens	Vlerick Business School
vlerick leuven ghent management school	Vlerick Business School
vlerick management school	Vlerick Business School
vrij technisch instituut vti leuven	Catholic University of Leuven
vrije universiteit brussel	Free University of Brussels
vti leuven	Vlerick Business School
vub	Free University of Brussels
vub brussel	Free University of Brussels
vub en kul	Catholic University of Leuven
vub kuleuven	Free University of Brussels
xios hasselt	University of Hasselt
